{"3.5":{"raw":0.5869565217391305,"smoothed":0.5490566037735849},"5.5":{"raw":0.6,"smoothed":0.5190184049079755},"1.5":{"raw":0.6153846153846154,"smoothed":0.5202614379084968},"2.5":{"raw":0.5769230769230769,"smoothed":0.5256880733944953},"7.5":{"raw":0.631578947368421,"smoothed":0.5442622950819672},"4.5":{"raw":0.6875,"smoothed":0.5630952380952381},"10.5":{"raw":0.75,"smoothed":0.5055555555555556},"6.5":{"raw":0.5263157894736842,"smoothed":0.48961748633879787},"0.5":{"raw":1,"smoothed":0.5300970873786408},"9.5":{"raw":0.6,"smoothed":0.48318584070796466},"8.5":{"raw":0.75,"smoothed":0.5055555555555556},"11.5":{"raw":0.5,"smoothed":0.4551020408163266},"14.5":{"raw":0,"smoothed":0.42580645161290326},"13.5":{"raw":1,"smoothed":0.5061224489795919},"16.5":{"raw":0,"smoothed":0.42580645161290326}}